,,MP,W,D,L,GS,xG,GC,xGC,PTS,xPTS
1,Man City,5,5,0,0,13,"10.5
-2.5",5,"7.1
+ 2.1",15,"9.1
-5.9"
2,Arsenal,5,4,0,1,8,"8.8
+ 0.8",4,"4.8
+ 0.8",12,"9.5
-2.6"
3,Brighton,5,3,1,1,16,"12.0
-4.0",5,"8.3
+ 3.3",10,"8.8
-1.2"
4,Brentford,5,2,3,0,10,"10.0
-0.1",4,"6.9
+ 2.9",9,"8.3
-0.7"
5,Leeds,5,2,3,0,7,"7.4
+ 0.3",3,"6.5
+ 3.5",9,"7.3
-1.7"
6,Liverpool,5,2,3,0,7,"8.4
+ 1.4",4,"6.4
+ 2.4",9,"8.0
-1.0"
7,Everton,5,2,3,0,6,"7.9
+ 1.9",3,"7.0
+ 4.0",9,"7.5
-1.5"
8,Hull City,5,2,2,1,6,"5.6
-0.4",4,"7.3
+ 3.3",8,"5.5
-2.5"
9,Newcastle,5,2,2,1,9,"5.6
-3.4",9,"9.3
+ 0.3",8,"4.6
-3.4"
10,Chelsea,5,2,1,2,10,"8.1
-1.9",12,"9.5
-2.5",7,"6.0
-1.0"
11,Ipswich Town,5,2,0,3,7,"7.4
+ 0.4",11,"9.6
-1.4",6,"6.3
+ 0.3"
12,Man United,5,1,2,2,8,"10.3
+ 2.3",8,"7.0
-1.0",5,"8.2
+ 3.2"
13,Nott'm Forest,5,1,2,2,4,"7.7
+ 3.7",5,"5.0
0.0",5,"8.4
+ 3.4"
14,Sunderland,5,1,1,3,6,"9.5
+ 3.5",10,"8.4
-1.6",4,"7.5
+ 3.5"
15,Crystal Palace,5,1,1,3,6,"6.7
+ 0.7",11,"9.8
-1.2",4,"5.1
+ 1.0"
16,Aston Villa,5,1,1,3,4,"4.8
+ 0.8",9,"9.9
+ 0.8",4,"4.5
+ 0.5"
17,Bournemouth,5,0,3,2,6,"7.5
+ 1.5",8,"6.9
-1.1",3,"7.3
+ 4.3"
18,Coventry,5,1,0,4,1,"5.0
+ 4.0",10,"8.6
-1.4",3,"4.7
+ 1.7"
19,Fulham,5,0,2,3,5,"7.7
+ 2.7",8,"9.6
+ 1.6",2,"5.7
+ 3.7"
20,Tottenham,5,0,2,3,2,"5.7
+ 3.7",8,"8.4
+ 0.4",2,"5.9
+ 3.9"
